<?xml version="1.0"?>

<keywords>  
  <keyword>
    <link>as_typen.html</link>
    <name>as_typen()</name>
  </keyword>


  <keyword>
    <link>reservedDataTypes.html</link>
    <name>ulong long</name>
  </keyword>
  <keyword>
    <link>reservedDataTypes.html</link>
    <name>ulong long2</name>
  </keyword>
  <keyword>
    <link>reservedDataTypes.html</link>
    <name>ulong long3</name>
  </keyword>
  <keyword>
    <link>reservedDataTypes.html</link>
    <name>ulong long4</name>
  </keyword>
  <keyword>
    <link>reservedDataTypes.html</link>
    <name>ulong long8</name>
  </keyword>
  <keyword>
    <link>reservedDataTypes.html</link>
    <name>ulong long16</name>
  </keyword>
  <keyword>
    <link>reservedDataTypes.html</link>
    <name>complex double</name>
  </keyword>
  <keyword>
    <link>reservedDataTypes.html</link>
    <name>complex double2</name>
  </keyword>
  <keyword>
    <link>reservedDataTypes.html</link>
    <name>complex double3</name>
  </keyword>
  <keyword>
    <link>reservedDataTypes.html</link>
    <name>complex double4</name>
  </keyword>
  <keyword>
    <link>reservedDataTypes.html</link>
    <name>complex double8</name>
  </keyword>
  <keyword>
    <link>reservedDataTypes.html</link>
    <name>complex double16</name>
  </keyword>
  <keyword>
    <link>reservedDataTypes.html</link>
    <name>complex float</name>
  </keyword>
  <keyword>
    <link>reservedDataTypes.html</link>
    <name>complex float2</name>
  </keyword>
  <keyword>
    <link>reservedDataTypes.html</link>
    <name>complex float3</name>
  </keyword>
  <keyword>
    <link>reservedDataTypes.html</link>
    <name>complex float4</name>
  </keyword>
  <keyword>
    <link>reservedDataTypes.html</link>
    <name>complex float8</name>
  </keyword>
  <keyword>
    <link>reservedDataTypes.html</link>
    <name>complex float16</name>
  </keyword>
  <keyword>
    <link>reservedDataTypes.html</link>
    <name>complex half</name>
  </keyword>
  <keyword>
    <link>reservedDataTypes.html</link>
    <name>complex half2</name>
  </keyword>
  <keyword>
    <link>reservedDataTypes.html</link>
    <name>complex half3</name>
  </keyword>
  <keyword>
    <link>reservedDataTypes.html</link>
    <name>complex half4</name>
  </keyword>
  <keyword>
    <link>reservedDataTypes.html</link>
    <name>complex half8</name>
  </keyword>
  <keyword>
    <link>reservedDataTypes.html</link>
    <name>complex half16</name>
  </keyword>
  <keyword>
    <link>reservedDataTypes.html</link>
    <name>complex quad</name>
  </keyword>
  <keyword>
    <link>reservedDataTypes.html</link>
    <name>complex quad2</name>
  </keyword>
  <keyword>
    <link>reservedDataTypes.html</link>
    <name>complex quad3</name>
  </keyword>
  <keyword>
    <link>reservedDataTypes.html</link>
    <name>complex quad4</name>
  </keyword>
  <keyword>
    <link>reservedDataTypes.html</link>
    <name>complex quad8</name>
  </keyword>
  <keyword>
    <link>reservedDataTypes.html</link>
    <name>complex quad16</name>
  </keyword>
  <keyword>
    <link>reservedDataTypes.html</link>
    <name>double2x</name>
  </keyword>
  <keyword>
    <link>reservedDataTypes.html</link>
    <name>double3x</name>
  </keyword>
  <keyword>
    <link>reservedDataTypes.html</link>
    <name>double4x</name>
  </keyword>
  <keyword>
    <link>reservedDataTypes.html</link>
    <name>double8x</name>
  </keyword>
  <keyword>
    <link>reservedDataTypes.html</link>
    <name>double16x</name>
  </keyword>
  <keyword>
    <link>reservedDataTypes.html</link>
    <name>float</name>
  </keyword>
  <keyword>
    <link>reservedDataTypes.html</link>
    <name>float2x</name>
  </keyword>
  <keyword>
    <link>reservedDataTypes.html</link>
    <name>float3x</name>
  </keyword>
  <keyword>
    <link>reservedDataTypes.html</link>
    <name>float4x</name>
  </keyword>
  <keyword>
    <link>reservedDataTypes.html</link>
    <name>float8x</name>
  </keyword>
  <keyword>
    <link>reservedDataTypes.html</link>
    <name>float16x</name>
  </keyword>
  <keyword>
    <link>reservedDataTypes.html</link>
    <name>half</name>
  </keyword>
  <keyword>
    <link>reservedDataTypes.html</link>
    <name>half2x</name>
  </keyword>
  <keyword>
    <link>reservedDataTypes.html</link>
    <name>half3x</name>
  </keyword>
  <keyword>
    <link>reservedDataTypes.html</link>
    <name>half4x</name>
  </keyword>
  <keyword>
    <link>reservedDataTypes.html</link>
    <name>half8x</name>
  </keyword>
  <keyword>
    <link>reservedDataTypes.html</link>
    <name>half16x</name>
  </keyword>
  <keyword>
    <link>reservedDataTypes.html</link>
    <name>imaginary double</name>
  </keyword>
  <keyword>
    <link>reservedDataTypes.html</link>
    <name>imaginary double2</name>
  </keyword>
  <keyword>
    <link>reservedDataTypes.html</link>
    <name>imaginary double3</name>
  </keyword>
  <keyword>
    <link>reservedDataTypes.html</link>
    <name>imaginary double4</name>
  </keyword>
  <keyword>
    <link>reservedDataTypes.html</link>
    <name>imaginary double8</name>
  </keyword>
  <keyword>
    <link>reservedDataTypes.html</link>
    <name>imaginary double16</name>
  </keyword>
  <keyword>
    <link>reservedDataTypes.html</link>
    <name>imaginary float</name>
  </keyword>
  <keyword>
    <link>reservedDataTypes.html</link>
    <name>imaginary float2</name>
  </keyword>
  <keyword>
    <link>reservedDataTypes.html</link>
    <name>imaginary float3</name>
  </keyword>
  <keyword>
    <link>reservedDataTypes.html</link>
    <name>imaginary float4</name>
  </keyword>
  <keyword>
    <link>reservedDataTypes.html</link>
    <name>imaginary float8</name>
  </keyword>
  <keyword>
    <link>reservedDataTypes.html</link>
    <name>imaginary float16</name>
  </keyword>
  <keyword>
    <link>reservedDataTypes.html</link>
    <name>imaginary half</name>
  </keyword>
  <keyword>
    <link>reservedDataTypes.html</link>
    <name>imaginary half2</name>
  </keyword>
  <keyword>
    <link>reservedDataTypes.html</link>
    <name>imaginary half3</name>
  </keyword>
  <keyword>
    <link>reservedDataTypes.html</link>
    <name>imaginary half4</name>
  </keyword>
  <keyword>
    <link>reservedDataTypes.html</link>
    <name>imaginary half8</name>
  </keyword>
  <keyword>
    <link>reservedDataTypes.html</link>
    <name>imaginary half16</name>
  </keyword>
  <keyword>
    <link>reservedDataTypes.html</link>
    <name>imaginary quad</name>
  </keyword>
  <keyword>
    <link>reservedDataTypes.html</link>
    <name>imaginary quad2</name>
  </keyword>
  <keyword>
    <link>reservedDataTypes.html</link>
    <name>imaginary quad3</name>
  </keyword>
  <keyword>
    <link>reservedDataTypes.html</link>
    <name>imaginary quad4</name>
  </keyword>
  <keyword>
    <link>reservedDataTypes.html</link>
    <name>imaginary quad8</name>
  </keyword>
  <keyword>
    <link>reservedDataTypes.html</link>
    <name>imaginary quad16</name>
  </keyword>
  <keyword>
    <link>reservedDataTypes.html</link>
    <name>long double</name>
  </keyword>
  <keyword>
    <link>reservedDataTypes.html</link>
    <name>long double2</name>
  </keyword>
  <keyword>
    <link>reservedDataTypes.html</link>
    <name>long double3</name>
  </keyword>
  <keyword>
    <link>reservedDataTypes.html</link>
    <name>long double4</name>
  </keyword>
  <keyword>
    <link>reservedDataTypes.html</link>
    <name>long double8</name>
  </keyword>
  <keyword>
    <link>reservedDataTypes.html</link>
    <name>long double16</name>
  </keyword>
  <keyword>
    <link>reservedDataTypes.html</link>
    <name>long long</name>
  </keyword>
  <keyword>
    <link>reservedDataTypes.html</link>
    <name>long long2</name>
  </keyword>
  <keyword>
    <link>reservedDataTypes.html</link>
    <name>long long3</name>
  </keyword>
  <keyword>
    <link>reservedDataTypes.html</link>
    <name>long long4</name>
  </keyword>
  <keyword>

    <link>reservedDataTypes.html</link>
    <name>long long8</name>
  </keyword>
  <keyword>
    <link>reservedDataTypes.html</link>
    <name>long long16</name>
  </keyword>
  <keyword>
    <link>reservedDataTypes.html</link>
    <name>bool</name>
  </keyword>
  <keyword>
    <link>reservedDataTypes.html</link>
    <name>bool2</name>
  </keyword>
  <keyword>
    <link>reservedDataTypes.html</link>
    <name>bool3</name>
  </keyword>
  <keyword>
    <link>reservedDataTypes.html</link>
    <name>bool4</name>
  </keyword>
  <keyword>
    <link>reservedDataTypes.html</link>
    <name>bool8</name>
  </keyword>
  <keyword>
    <link>reservedDataTypes.html</link>
    <name>bool16</name>
  </keyword>
  <keyword>
    <link>reservedDataTypes.html</link>
    <name>quad</name>
  </keyword>
  <keyword>
    <link>reservedDataTypes.html</link>
    <name>quad2</name>
  </keyword>
  <keyword>
    <link>reservedDataTypes.html</link>
    <name>quad3</name>
  </keyword>
  <keyword>
    <link>reservedDataTypes.html</link>
    <name>quad4</name>
  </keyword>
  <keyword>
    <link>reservedDataTypes.html</link>
    <name>quad8</name>
  </keyword>
  <keyword>
    <link>reservedDataTypes.html</link>
    <name>quad16</name>
  </keyword>




  <keyword>
    <link>vectorDataTypes.html</link>
    <name>short</name>
  </keyword>
  <keyword>
    <link>vectorDataTypes.html</link>
    <name>short2</name>
  </keyword>
  <keyword>
    <link>vectorDataTypes.html</link>
    <name>short3</name>
  </keyword>
  <keyword>
    <link>vectorDataTypes.html</link>
    <name>short4</name>
  </keyword>
  <keyword>
    <link>vectorDataTypes.html</link>
    <name>short8</name>
  </keyword>
  <keyword>
    <link>vectorDataTypes.html</link>
    <name>short16</name>
  </keyword>
  <keyword>
    <link>vectorDataTypes.html</link>
    <name>long</name>
  </keyword>
  <keyword>
    <link>vectorDataTypes.html</link>
    <name>long2</name>
  </keyword>
  <keyword>
    <link>vectorDataTypes.html</link>
    <name>long3</name>
  </keyword>
  <keyword>
    <link>vectorDataTypes.html</link>
    <name>long4</name>
  </keyword>
  <keyword>
    <link>vectorDataTypes.html</link>
    <name>long8</name>
  </keyword>
  <keyword>
    <link>vectorDataTypes.html</link>
    <name>long16</name>
  </keyword>
  <keyword>
    <link>vectorDataTypes.html</link>
    <name>uchar</name>
  </keyword>
  <keyword>
    <link>vectorDataTypes.html</link>
    <name>uchar2</name>
  </keyword>
  <keyword>
    <link>vectorDataTypes.html</link>
    <name>uchar3</name>
  </keyword>
  <keyword>
    <link>vectorDataTypes.html</link>
    <name>uchar4</name>
  </keyword>
  <keyword>
    <link>vectorDataTypes.html</link>
    <name>uchar8</name>
  </keyword>
  <keyword>
    <link>vectorDataTypes.html</link>
    <name>uchar16</name>
  </keyword>
  <keyword>
    <link>vectorDataTypes.html</link>
    <name>uint</name>
  </keyword>
  <keyword>
    <link>vectorDataTypes.html</link>
    <name>uint2</name>
  </keyword>
  <keyword>
    <link>vectorDataTypes.html</link>
    <name>uint3</name>
  </keyword>
  <keyword>
    <link>vectorDataTypes.html</link>
    <name>uint4</name>
  </keyword>
  <keyword>
    <link>vectorDataTypes.html</link>
    <name>uint8</name>
  </keyword>
  <keyword>
    <link>vectorDataTypes.html</link>
    <name>uint16</name>
  </keyword>
  <keyword>
    <link>vectorDataTypes.html</link>
    <name>ulong</name>
  </keyword>
  <keyword>
    <link>vectorDataTypes.html</link>
    <name>ulong2</name>
  </keyword>
  <keyword>
    <link>vectorDataTypes.html</link>
    <name>ulong3</name>
  </keyword>
  <keyword>
    <link>vectorDataTypes.html</link>
    <name>ulong4</name>
  </keyword>
  <keyword>
    <link>vectorDataTypes.html</link>
    <name>ulong8</name>
  </keyword>
  <keyword>
    <link>vectorDataTypes.html</link>
    <name>ulong16</name>
  </keyword>
  <keyword>
    <link>vectorDataTypes.html</link>
    <name>ushort</name>
  </keyword>
  <keyword>
    <link>vectorDataTypes.html</link>
    <name>ushort2</name>
  </keyword>
  <keyword>
    <link>vectorDataTypes.html</link>
    <name>ushort3</name>
  </keyword>
  <keyword>
    <link>vectorDataTypes.html</link>
    <name>ushort4</name>
  </keyword>
  <keyword>
    <link>vectorDataTypes.html</link>
    <name>ushort8</name>
  </keyword>
  <keyword>
    <link>vectorDataTypes.html</link>
    <name>ushort16</name>
  </keyword>
  <keyword>
    <link>vectorDataTypes.html</link>
    <name>char</name>
  </keyword>
  <keyword>
    <link>vectorDataTypes.html</link>
    <name>char2</name>
  </keyword>
  <keyword>
    <link>vectorDataTypes.html</link>
    <name>char3</name>
  </keyword>
  <keyword>
    <link>vectorDataTypes.html</link>
    <name>char4</name>
  </keyword>
  <keyword>
    <link>vectorDataTypes.html</link>
    <name>char8</name>
  </keyword>
  <keyword>
    <link>vectorDataTypes.html</link>
    <name>char16</name>
  </keyword>
  <keyword>
    <link>vectorDataTypes.html</link>
    <name>cl_char</name>
  </keyword>
  <keyword>
    <link>vectorDataTypes.html</link>
    <name>cl_char2</name>
  </keyword>
  <keyword>
    <link>vectorDataTypes.html</link>
    <name>cl_char3</name>
  </keyword>
  <keyword>
    <link>vectorDataTypes.html</link>
    <name>cl_char4</name>
  </keyword>
  <keyword>
    <link>vectorDataTypes.html</link>
    <name>cl_char8</name>
  </keyword>
  <keyword>
    <link>vectorDataTypes.html</link>
    <name>cl_char16</name>
  </keyword>
  <keyword>
    <link>vectorDataTypes.html</link>
    <name>cl_float</name>
  </keyword>
  <keyword>
    <link>vectorDataTypes.html</link>
    <name>cl_float2</name>
  </keyword>
  <keyword>
    <link>vectorDataTypes.html</link>
    <name>cl_float3</name>
  </keyword>
  <keyword>
    <link>vectorDataTypes.html</link>
    <name>cl_float4</name>
  </keyword>
  <keyword>
    <link>vectorDataTypes.html</link>
    <name>cl_float8</name>
  </keyword>
  <keyword>
    <link>vectorDataTypes.html</link>
    <name>cl_float16</name>
  </keyword>
  <keyword>
    <link>vectorDataTypes.html</link>
    <name>cl_int</name>
  </keyword>
  <keyword>
    <link>vectorDataTypes.html</link>
    <name>cl_int2</name>
  </keyword>
  <keyword>
    <link>vectorDataTypes.html</link>
    <name>cl_int3</name>
  </keyword>
  <keyword>
    <link>vectorDataTypes.html</link>
    <name>cl_int4</name>
  </keyword>
  <keyword>
    <link>vectorDataTypes.html</link>
    <name>cl_int8</name>
  </keyword>
  <keyword>
    <link>vectorDataTypes.html</link>
    <name>cl_int16</name>
  </keyword>
  <keyword>
    <link>vectorDataTypes.html</link>
    <name>cl_long</name>
  </keyword>
  <keyword>
    <link>vectorDataTypes.html</link>
    <name>cl_long2</name>
  </keyword>
  <keyword>
    <link>vectorDataTypes.html</link>
    <name>cl_long3</name>
  </keyword>
  <keyword>
    <link>vectorDataTypes.html</link>
    <name>cl_long4</name>
  </keyword>
  <keyword>
    <link>vectorDataTypes.html</link>
    <name>cl_long8</name>
  </keyword>
  <keyword>
    <link>vectorDataTypes.html</link>
    <name>cl_long16</name>
  </keyword>
  <keyword>
    <link>vectorDataTypes.html</link>
    <name>cl_short</name>
  </keyword>
  <keyword>
    <link>vectorDataTypes.html</link>
    <name>cl_short2</name>
  </keyword>
  <keyword>
    <link>vectorDataTypes.html</link>
    <name>cl_short3</name>
  </keyword>
  <keyword>
    <link>vectorDataTypes.html</link>
    <name>cl_short4</name>
  </keyword>
  <keyword>
    <link>vectorDataTypes.html</link>
    <name>cl_short8</name>
  </keyword>
  <keyword>
    <link>vectorDataTypes.html</link>
    <name>cl_short16</name>
  </keyword>
  <keyword>
    <link>vectorDataTypes.html</link>
    <name>cl_uchar</name>
  </keyword>
  <keyword>
    <link>vectorDataTypes.html</link>
    <name>cl_uchar2</name>
  </keyword>
  <keyword>
    <link>vectorDataTypes.html</link>
    <name>cl_uchar3</name>
  </keyword>
  <keyword>
    <link>vectorDataTypes.html</link>
    <name>cl_uchar4</name>
  </keyword>
  <keyword>
    <link>vectorDataTypes.html</link>
    <name>cl_uchar8</name>
  </keyword>
  <keyword>
    <link>vectorDataTypes.html</link>
    <name>cl_uchar16</name>
  </keyword>
  <keyword>
    <link>vectorDataTypes.html</link>
    <name>cl_uint</name>
  </keyword>
  <keyword>
    <link>vectorDataTypes.html</link>
    <name>cl_uint2</name>
  </keyword>
  <keyword>
    <link>vectorDataTypes.html</link>
    <name>cl_uint3</name>
  </keyword>
  <keyword>
    <link>vectorDataTypes.html</link>
    <name>cl_uint4</name>
  </keyword>
  <keyword>
    <link>vectorDataTypes.html</link>
    <name>cl_uint8</name>
  </keyword>
  <keyword>
    <link>vectorDataTypes.html</link>
    <name>cl_uint16</name>
  </keyword>
  <keyword>
    <link>vectorDataTypes.html</link>
    <name>cl_ulong</name>
  </keyword>
  <keyword>
    <link>vectorDataTypes.html</link>
    <name>cl_ulong2</name>
  </keyword>
  <keyword>
    <link>vectorDataTypes.html</link>
    <name>cl_ulong3</name>
  </keyword>
  <keyword>
    <link>vectorDataTypes.html</link>
    <name>cl_ulong4</name>
  </keyword>
  <keyword>
    <link>vectorDataTypes.html</link>
    <name>cl_ulong8</name>
  </keyword>
  <keyword>
    <link>vectorDataTypes.html</link>
    <name>cl_ulong16</name>
  </keyword>
  <keyword>
    <link>vectorDataTypes.html</link>
    <name>cl_ushort</name>
  </keyword>
  <keyword>
    <link>vectorDataTypes.html</link>
    <name>cl_ushort2</name>
  </keyword>
  <keyword>
    <link>vectorDataTypes.html</link>
    <name>cl_ushort3</name>
  </keyword>
  <keyword>
    <link>vectorDataTypes.html</link>
    <name>cl_ushort4</name>
  </keyword>
  <keyword>
    <link>vectorDataTypes.html</link>
    <name>cl_ushort8</name>
  </keyword>
  <keyword>
    <link>vectorDataTypes.html</link>
    <name>cl_ushort16</name>
  </keyword>
  <keyword>
    <link>vectorDataTypes.html</link>
    <name>double</name>
  </keyword>
  <keyword>
    <link>vectorDataTypes.html</link>
    <name>double2</name>
  </keyword>
  <keyword>
    <link>vectorDataTypes.html</link>
    <name>double3</name>
  </keyword>
  <keyword>
    <link>vectorDataTypes.html</link>
    <name>double4</name>
  </keyword>
  <keyword>
    <link>vectorDataTypes.html</link>
    <name>double8</name>
  </keyword>
  <keyword>
    <link>vectorDataTypes.html</link>
    <name>double16</name>
  </keyword>
  <keyword>
    <link>vectorDataTypes.html</link>
    <name>float</name>
  </keyword>
  <keyword>
    <link>vectorDataTypes.html</link>
    <name>float2</name>
  </keyword>
  <keyword>
    <link>vectorDataTypes.html</link>
    <name>float3</name>
  </keyword>
  <keyword>
    <link>vectorDataTypes.html</link>
    <name>float4</name>
  </keyword>
  <keyword>
    <link>vectorDataTypes.html</link>
    <name>float8</name>
  </keyword>
  <keyword>
    <link>vectorDataTypes.html</link>
    <name>float16</name>
  </keyword>
  <keyword>
    <link>vectorDataTypes.html</link>
    <name>half</name>
  </keyword>
  <keyword>
    <link>vectorDataTypes.html</link>
    <name>half2</name>
  </keyword>
  <keyword>
    <link>vectorDataTypes.html</link>
    <name>half3</name>
  </keyword>
  <keyword>
    <link>vectorDataTypes.html</link>
    <name>half4</name>
  </keyword>
  <keyword>
    <link>vectorDataTypes.html</link>
    <name>half8</name>
  </keyword>
  <keyword>
    <link>vectorDataTypes.html</link>
    <name>half16</name>
  </keyword>



  <keyword>
    <link>vload_halfn.html</link>
    <name>vload_half</name>
  </keyword>
  <keyword>
    <link>vload_halfn.html</link>
    <name>vload_half2</name>
  </keyword>
  <keyword>
    <link>vload_halfn.html</link>
    <name>vload_half3</name>
  </keyword>
  <keyword>
    <link>vload_halfn.html</link>
    <name>vload_half4</name>
  </keyword>
  <keyword>
    <link>vload_halfn.html</link>
    <name>vload_half8</name>
  </keyword>
  <keyword>
    <link>vload_halfn.html</link>
    <name>vload_half16</name>
  </keyword>

  <keyword>
    <link>vloada_halfn.html</link>
    <name>vloada_half</name>
  </keyword>
  <keyword>
    <link>vloada_halfn.html</link>
    <name>vloada_half2</name>
  </keyword>
  <keyword>
    <link>vloada_halfn.html</link>
    <name>vloada_half3</name>
  </keyword>
  <keyword>
    <link>vloada_halfn.html</link>
    <name>vloada_half4</name>
  </keyword>
  <keyword>
    <link>vloada_halfn.html</link>
    <name>vloada_half8</name>
  </keyword>
  <keyword>
    <link>vloada_halfn.html</link>
    <name>vloada_half16</name>
  </keyword>

  <keyword>
    <link>vloadn.html</link>
    <name>vload</name>
  </keyword>
  <keyword>
    <link>vloadn.html</link>
    <name>vload2</name>
  </keyword>
  <keyword>
    <link>vloadn.html</link>
    <name>vload3</name>
  </keyword>
  <keyword>
    <link>vloadn.html</link>
    <name>vload4</name>
  </keyword>
  <keyword>
    <link>vloadn.html</link>
    <name>vload8</name>
  </keyword>
  <keyword>
    <link>vloadn.html</link>
    <name>vload16</name>
  </keyword>

  <keyword>
    <link>vstore_halfn.html</link>
    <name>vstore_half</name>
  </keyword>
  <keyword>
    <link>vstore_halfn.html</link>
    <name>vstore_half2</name>
  </keyword>
  <keyword>
    <link>vstore_halfn.html</link>
    <name>vstore_half3</name>
  </keyword>
  <keyword>
    <link>vstore_halfn.html</link>
    <name>vstore_half4</name>
  </keyword>
  <keyword>
    <link>vstore_halfn.html</link>
    <name>vstore_half8</name>
  </keyword>
  <keyword>
    <link>vstore_halfn.html</link>
    <name>vstore_half16</name>
  </keyword>

  <keyword>
    <link>vstorea_halfn.html</link>
    <name>vstorea_half</name>
  </keyword>
  <keyword>
    <link>vstorea_halfn.html</link>
    <name>vstorea_half2</name>
  </keyword>
  <keyword>
    <link>vstorea_halfn.html</link>
    <name>vstorea_half3</name>
  </keyword>
  <keyword>
    <link>vstorea_halfn.html</link>
    <name>vstorea_half4</name>
  </keyword>
  <keyword>
    <link>vstorea_halfn.html</link>
    <name>vstorea_half8</name>
  </keyword>
  <keyword>
    <link>vstorea_halfn.html</link>
    <name>vstorea_half16</name>
  </keyword>

  <keyword>
    <link>vstoren.html</link>
    <name>vstore</name>
  </keyword>
  <keyword>
    <link>vstoren.html</link>
    <name>vstore2</name>
  </keyword>
  <keyword>
    <link>vstoren.html</link>
    <name>vstore3</name>
  </keyword>
  <keyword>
    <link>vstoren.html</link>
    <name>vstore4</name>
  </keyword>
  <keyword>
    <link>vstoren.html</link>
    <name>vstore8</name>
  </keyword>
  <keyword>
    <link>vstoren.html</link>
    <name>vstore16</name>
  </keyword>


  <keyword>
    <link>abstractDataTypes.html</link>
    <name>_cl_platform_id</name>
    <type>Data Type</type>
  </keyword>
  <keyword>
    <link>abstractDataTypes.html</link>
    <name>_cl_device_id</name>
    <type>Data Type</type>
  </keyword>
  <keyword>
    <link>abstractDataTypes.html</link>
    <name>_cl_context</name>
    <type>Data Type</type>
  </keyword>
  <keyword>
    <link>abstractDataTypes.html</link>
    <name>_cl_command_queue</name>
    <type>Data Type</type>
  </keyword>
  <keyword>
    <link>abstractDataTypes.html</link>
    <name>_cl_mem</name>
    <type>Data Type</type>
  </keyword>
  <keyword>
    <link>abstractDataTypes.html</link>
    <name>_cl_program</name>
    <type>Data Type</type>
  </keyword>
  <keyword>
    <link>abstractDataTypes.html</link>
    <name>_cl_kernel</name>
    <type>Data Type</type>
  </keyword>
  <keyword>
    <link>abstractDataTypes.html</link>
    <name>_cl_event</name>
    <type>Data Type</type>
  </keyword>
  <keyword>
    <link>abstractDataTypes.html</link>
    <name>_cl_sampler</name>
    <type>Data Type</type>
  </keyword>
  <keyword>
    <link>accessQualifiers.html</link>
    <name>__read_only</name>
  </keyword>
  <keyword>
    <link>accessQualifiers.html</link>
    <name>__write_only</name>
  </keyword>
  <keyword>
    <link>accessQualifiers.html</link>
    <name>read_only</name>
  </keyword>
  <keyword>
    <link>accessQualifiers.html</link>
    <name>write_only</name>
  </keyword>
  <keyword>
    <link>acos.html</link>
    <name>acos</name>
  </keyword>
  <keyword>
    <link>acos.html</link>
    <name>acosh</name>
  </keyword>
  <keyword>
    <link>acos.html</link>
    <name>acospi</name>
  </keyword>
  <keyword>
    <link>any.html</link>
    <name>all</name>
  </keyword>
  <keyword>
    <link>any.html</link>
    <name>any</name>
  </keyword>
  <keyword>
    <link>asin.html</link>
    <name>asin</name>
  </keyword>
  <keyword>
    <link>asin.html</link>
    <name>asinh</name>
  </keyword>
  <keyword>
    <link>asin.html</link>
    <name>asinpi</name>
  </keyword>
  <keyword>
    <link>atan.html</link>
    <name>atan</name>
  </keyword>
  <keyword>
    <link>atan.html</link>
    <name>atan2</name>
  </keyword>
  <keyword>
    <link>atan.html</link>
    <name>atan2pi</name>
  </keyword>
  <keyword>
    <link>atan.html</link>
    <name>atanh</name>
  </keyword>
  <keyword>
    <link>atan.html</link>
    <name>atanpi</name>
  </keyword>
  <keyword>
    <link>atomic_add.html</link>
    <name>atomic_add</name>
  </keyword>
  <keyword>
    <link>atomic_and.html</link>
    <name>atomic_and</name>
  </keyword>
  <keyword>
    <link>atomic_cmpxchg.html</link>
    <name>atomic_cmpxchg</name>
  </keyword>
  <keyword>
    <link>atomic_dec.html</link>
    <name>atomic_dec</name>
  </keyword>
  <keyword>
    <link>atomic_inc.html</link>
    <name>atomic_inc</name>
  </keyword>
  <keyword>
    <link>atomic_max.html</link>
    <name>atomic_max</name>
  </keyword>
  <keyword>
    <link>atomic_min.html</link>
    <name>atomic_min</name>
  </keyword>
  <keyword>
    <link>atomic_or.html</link>
    <name>atomic_or</name>
  </keyword>
  <keyword>
    <link>atomic_sub.html</link>
    <name>atomic_sub</name>
  </keyword>
  <keyword>
    <link>atomic_xchg.html</link>
    <name>atomic_xchg</name>
  </keyword>
  <keyword>
    <link>atomic_xor.html</link>
    <name>atomic_xor</name>
  </keyword>  
  <keyword>
    <link>attribute.html</link>
    <name>__attribute__</name>
  </keyword>
  <keyword>
    <link>attributes-blocksAndControlFlow.html</link>
    <name>attributes of blocks</name>
  </keyword>
  <keyword>
    <link>attributes-blocksAndControlFlow.html</link>
    <name>attributes of control flow stmts</name>
  </keyword>
  <keyword>
    <link>attributes-types.html</link>
    <name>attributes of types</name>
  </keyword>
  <keyword>
    <link>attributes-variables.html</link>
    <name>attributes of variables</name>
  </keyword>
  <keyword>
    <link>barrier.html</link>
    <name>barrier</name>
  </keyword>
  <keyword>
    <link>bitselect.html</link>
    <name>bitselect</name>
  </keyword>
  <keyword>
    <link>attributes-blocksAndControlFlow.html</link>
    <name>block attributes</name>
  </keyword>
  <keyword>
    <link>scalarDataTypes.html</link>
    <name>bool</name>
  </keyword>

  <keyword>
    <link>cbrt.html</link>
    <name>cbrt</name>
  </keyword>
  <keyword>
    <link>ceil.html</link>
    <name>ceil</name>
  </keyword>
  <keyword>
    <link>scalarDataTypes.html</link>
    <name>char</name>
  </keyword>
  <keyword>
    <link>macroLimits.html</link>
    <name>CHAR_BIT</name>
  </keyword>
  <keyword>
    <link>macroLimits.html</link>
    <name>CHAR_MAX</name>
  </keyword>
  <keyword>
    <link>macroLimits.html</link>
    <name>CHAR_MIN</name>
  </keyword>
  <keyword>
    <link>gl_sharing.html</link>
    <name>CL_APPLE_gl_sharing</name>
  </keyword>
  <keyword>
    <link>clBuildProgram.html</link>
    <name>clBuildProgram </name>
  </keyword>
  <keyword>
    <link>scalarDataTypes.html</link>
    <name>cl_char</name>
  </keyword>
  <keyword>
    <link>clCreateBuffer.html</link>
    <name>clCreateBuffer</name>
  </keyword>
  <keyword>
    <link>clCreateCommandQueue.html</link>
    <name>clCreateCommandQueue</name>
  </keyword>
  <keyword>
    <link>clCreateContext.html</link>
    <name>clCreateContext</name>
  </keyword>
  <keyword>
    <link>clCreateContextFromType.html</link>
    <name>clCreateContextFromType</name>
  </keyword>
  <keyword>
    <link>clCreateEventFromGLsyncKHR.html</link>
    <name>clCreateEventFromGLsyncKHR</name>
  </keyword>
  <keyword>
    <link>clCreateFromD3D10BufferKHR.html</link>
    <name>clCreateFromD3D10BufferKHR</name>
  </keyword>
  <keyword>
    <link>clCreateFromD3D10Texture2DKHR.html</link>
    <name>clCreateFromD3D10Texture2DKHR</name>
  </keyword>
  <keyword>
    <link>clCreateFromD3D10Texture3DKHR.html</link>
    <name>clCreateFromD3D10Texture3DKHR</name>
  </keyword>
  <keyword>
    <link>clCreateFromGLBuffer.html</link>
    <name>clCreateFromGLBuffer</name>
  </keyword>
  <keyword>
    <link>clCreateFromGLRenderbuffer.html</link>
    <name>clCreateFromGLRenderbuffer</name>
  </keyword>
  <keyword>
    <link>clCreateFromGLTexture2D.html</link>
    <name>clCreateFromGLTexture2D</name>
  </keyword>
  <keyword>
    <link>clCreateFromGLTexture3D.html</link>
    <name>clCreateFromGLTexture3D</name>
  </keyword>
  <keyword>
    <link>clCreateImage2D.html</link>
    <name>clCreateImage2D</name>
  </keyword>
  <keyword>
    <link>clCreateImage3D.html</link>
    <name>clCreateImage3D</name>
  </keyword>
  <keyword>
    <link>clCreateKernel.html</link>
    <name>clCreateKernel</name>
  </keyword>
  <keyword>
    <link>clCreateKernelsInProgram.html</link>
    <name>clCreateKernelsInProgram</name>
  </keyword>
  <keyword>
    <link>clCreateProgramWithBinary.html</link>
    <name>clCreateProgramWithBinary</name>
  </keyword>
  <keyword>
    <link>clCreateProgramWithSource.html</link>
    <name>clCreateProgramWithSource</name>
  </keyword>
  <keyword>
    <link>clCreateSampler.html</link>
    <name>clCreateSampler</name>
  </keyword>
  <keyword>
    <link>clCreateSubBuffer.html</link>
    <name>clCreateSubBuffer</name>
  </keyword>
  <keyword>
    <link>clCreateUserEvent.html</link>
    <name>clCreateUserEvent</name>
  </keyword>
  <keyword>
    <link>vectorDataTypes.html</link>
    <name>cl_double</name>
  </keyword>
  <keyword>
    <link>clEnqueueAcquireD3D10ObjectsKHR.html</link>
    <name>clEnqueueAcquireD3D10ObjectsKHR</name>
  </keyword>
  <keyword>
    <link>clEnqueueAcquireGLObjects.html</link>
    <name>clEnqueueAcquireGLObjects</name>
  </keyword>
  <keyword>
    <link>clEnqueueBarrier.html</link>
    <name>clEnqueueBarrier</name>
  </keyword>
  <keyword>
    <link>clEnqueueCopyBuffer.html</link>
    <name>clEnqueueCopyBuffer</name>
  </keyword>
  <keyword>
    <link>clEnqueueCopyBufferRect.html</link>
    <name>clEnqueueCopyBufferRect</name>
  </keyword>
  <keyword>
    <link>clEnqueueCopyBufferToImage.html</link>
    <name>clEnqueueCopyBufferToImage</name>
  </keyword>
  <keyword>
    <link>clEnqueueCopyImage.html</link>
    <name>clEnqueueCopyImage</name>
  </keyword>
  <keyword>
    <link>clEnqueueCopyImageToBuffer.html</link>
    <name>clEnqueueCopyImageToBuffer</name>
  </keyword>
  <keyword>
    <link>clEnqueueMapBuffer.html</link>
    <name>clEnqueueMapBuffer</name>
  </keyword>
  <keyword>
    <link>clEnqueueMapImage.html</link>
    <name>clEnqueueMapImage</name>
  </keyword>
  <keyword>
    <link>clEnqueueMarker.html</link>
    <name>clEnqueueMarker</name>
  </keyword>
  <keyword>
    <link>clEnqueueNativeKernel.html</link>
    <name>clEnqueueNativeKernel</name>
  </keyword>
  <keyword>
    <link>clEnqueueNDRangeKernel.html</link>
    <name>clEnqueueNDRangeKernel</name>
  </keyword>
  <keyword>
    <link>clEnqueueReadBuffer.html</link>
    <name>clEnqueueReadBuffer</name>
  </keyword>
  <keyword>
    <link>clEnqueueReadBufferRect.html</link>
    <name>clEnqueueReadBufferRect</name>
  </keyword>
  <keyword>
    <link>clEnqueueReadImage.html</link>
    <name>clEnqueueReadImage</name>
  </keyword>
  <keyword>
    <link>clEnqueueReleaseD3D10ObjectsKHR.html</link>
    <name>clEnqueueReleaseD3D10ObjectsKHR</name>
  </keyword>
  <keyword>
    <link>clEnqueueReleaseGLObjects.html</link>
    <name>clEnqueueReleaseGLObjects</name>
  </keyword>
  <keyword>
    <link>clEnqueueTask.html</link>
    <name>clEnqueueTask</name>
  </keyword>
  <keyword>
    <link>clEnqueueUnmapMemObject.html</link>
    <name>clEnqueueUnmapMemObject</name>
  </keyword>
  <keyword>
    <link>clEnqueueWaitForEvents.html</link>
    <name>clEnqueueWaitForEvents</name>
  </keyword>
  <keyword>
    <link>clEnqueueWriteBuffer.html</link>
    <name>clEnqueueWriteBuffer</name>
  </keyword>
  <keyword>
    <link>clEnqueueWriteBufferRect.html</link>
    <name>clEnqueueWriteBufferRect</name>
  </keyword>
  <keyword>
    <link>clEnqueueWriteImage.html</link>
    <name>clEnqueueWriteImage</name>
  </keyword>
  <keyword>
    <link>clFinish.html</link>
    <name>clFinish</name>
  </keyword>
  <keyword>
    <link>scalarDataTypes.html</link>
    <name>cl_float</name>
  </keyword>
  <keyword>
    <link>clFlush.html</link>
    <name>clFlush</name>
  </keyword>
  <keyword>
    <link>clGetCommandQueueInfo.html</link>
    <name>clGetCommandQueueInfo</name>
  </keyword>
  <keyword>
    <link>clGetContextInfo.html</link>
    <name>clGetContextInfo</name>
  </keyword>
  <keyword>
    <link>clGetGLContextInfoKHR.html</link>
    <name>clGetGLContextInfoKHR</name>
  </keyword>
  <keyword>
    <link>clGetDeviceIDs.html</link>
    <name>clGetDeviceIDs</name>
  </keyword>
  <keyword>
    <link>clGetDeviceIDsFromD3D10KHR.html</link>
    <name>clGetDeviceIDsFromD3D10KHR</name>
  </keyword>
  <keyword>
    <link>clGetDeviceInfo.html</link>
    <name>clGetDeviceInfo</name>
  </keyword>
  <keyword>
    <link>clGetEventInfo.html</link>
    <name>clGetEventInfo</name>
  </keyword>
  <keyword>
    <link>clGetEventProfilingInfo.html</link>
    <name>clGetEventProfilingInfo</name>
  </keyword>
  <keyword>
    <link>clGetExtensionFunctionAddress.html</link>
    <name>clGetExtensionFunctionAddress</name>
  </keyword>
  <keyword>
    <link>clGetGLContextInfoKHR.html</link>
    <name>clGetGLContextInfoKHR</name>
  </keyword>
  <keyword>
    <link>clGetGLObjectInfo.html</link>
    <name>clGetGLObjectInfo</name>
  </keyword>
  <keyword>
    <link>clGetGLTextureInfo.html</link>
    <name>clGetGLTextureInfo</name>
  </keyword>
  <keyword>
    <link>clGetImageInfo.html</link>
    <name>clGetImageInfo</name>
  </keyword>
  <keyword>
    <link>clGetKernelInfo.html</link>
    <name>clGetKernelInfo</name>
  </keyword>
  <keyword>
    <link>clGetKernelWorkGroupInfo.html</link>
    <name>clGetKernelWorkGroupInfo</name>
  </keyword>
  <keyword>
    <link>clGetMemObjectInfo.html</link>
    <name>clGetMemObjectInfo</name>
  </keyword>
  <keyword>
    <link>clGetPlatformIDs.html</link>
    <name>clGetPlatformIDs</name>
  </keyword>
  <keyword>
    <link>clGetPlatformInfo.html</link>
    <name>clGetPlatformInfo</name>
  </keyword>
  <keyword>
    <link>clGetProgramBuildInfo.html</link>
    <name>clGetProgramBuildInfo</name>
  </keyword>
  <keyword>
    <link>clGetProgramInfo.html</link>
    <name>clGetProgramInfo</name>
  </keyword>
  <keyword>
    <link>clGetSamplerInfo.html</link>
    <name>clGetSamplerInfo</name>
  </keyword>
  <keyword>
    <link>clGetSupportedImageFormats.html</link>
    <name>clGetSupportedImageFormats</name>
  </keyword>
  <keyword>
    <link>vectorDataTypes.html</link>
    <name>cl_half</name>
  </keyword>
  <keyword>
    <link>cl_image_format.html</link>
    <name>cl_image_format</name>
  </keyword>
  <keyword>
    <link>scalarDataTypes.html</link>
    <name>cl_int</name>
  </keyword>
  <keyword>
    <link>EXTENSION.html</link>
    <name>cl_khr</name>
  </keyword>
  <keyword>
    <link>cl_khr_3d_image_writes.html</link>
    <name>cl_khr_3d_image_writes</name>
  </keyword>
  <keyword>
    <link>cl_khr_d3d10_sharing.html</link>
    <name>cl_khr_d3d10_sharing</name>
  </keyword>
  <keyword>
    <link>cl_khr_fp16.html</link>
    <name>cl_khr_fp16</name>
  </keyword>
  <keyword>
    <link>cl_khr_fp64.html</link>
    <name>cl_khr_fp64</name>
  </keyword>
  <keyword>
    <link>gl_event.html</link>
    <name>cl_khr_gl_event</name>
  </keyword>
  
  <keyword>
    <link>gl_sharing.html</link>
    <name>CL_KHR_gl_sharing</name>
  </keyword>
  <keyword>
    <link>cl_khr_int64_base_atomics.html</link>
    <name>cl_khr_int64_base_atomics</name>
  </keyword>
  <keyword>
    <link>cl_khr_int64_extended_atomics.html</link>
    <name>cl_khr_int64_extended_atomics</name>
  </keyword>
  
  <keyword>
    <link>scalarDataTypes.html</link>
    <name>cl_long</name>
  </keyword>
  <keyword>
    <link>clReleaseCommandQueue.html</link>
    <name>clReleaseCommandQueue</name>
  </keyword>
  <keyword>
    <link>clReleaseContext.html</link>
    <name>clReleaseContext</name>
  </keyword>
  <keyword>
    <link>clReleaseEvent.html</link>
    <name>clReleaseEvent</name>
  </keyword>
  <keyword>
    <link>clReleaseKernel.html</link>
    <name>clReleaseKernel</name>
  </keyword>
  <keyword>
    <link>clReleaseMemObject.html</link>
    <name>clReleaseMemObject</name>
  </keyword>
  <keyword>
    <link>clReleaseProgram.html</link>
    <name>clReleaseProgram</name>
  </keyword>
  <keyword>
    <link>clReleaseSampler.html</link>
    <name>clReleaseSampler</name>
  </keyword>
  <keyword>
    <link>clRetainCommandQueue.html</link>
    <name>clRetainCommandQueue</name>
  </keyword>
  <keyword>
    <link>clRetainContext.html</link>
    <name>clRetainContext</name>
  </keyword>
  <keyword>
    <link>clRetainEvent.html</link>
    <name>clRetainEvent</name>
  </keyword>
  <keyword>
    <link>clRetainKernel.html</link>
    <name>clRetainKernel</name>
  </keyword>
  <keyword>
    <link>clRetainMemObject.html</link>
    <name>clRetainMemObject</name>
  </keyword>
  <keyword>
    <link>clRetainProgram.html</link>
    <name>clRetainProgram</name>
  </keyword>
  <keyword>
    <link>clRetainSampler.html</link>
    <name>clRetainSampler</name>
  </keyword>
  <keyword>
    <link>clSetCommandQueueProperty.html</link>
    <name>clSetCommandQueueProperty</name>
  </keyword>
  <keyword>
    <link>clSetEventCallback.html</link>
    <name>clSetEventCallback</name>
  </keyword>
  <keyword>
    <link>clSetKernelArg.html</link>
    <name>clSetKernelArg</name>
  </keyword>
  <keyword>
    <link>clSetMemObjectDestructorCallback.html</link>
    <name>clSetMemObjectDestructorCallback</name>
  </keyword>
  <keyword>
    <link>clSetUserEventStatus.html</link>
    <name>clSetUserEventStatus</name>
  </keyword>
  <keyword>
    <link>scalarDataTypes.html</link>
    <name>cl_short</name>
  </keyword>
  <keyword>
    <link>scalarDataTypes.html</link>
    <name>cl_uchar</name>
  </keyword>
  <keyword>
    <link>scalarDataTypes.html</link>
    <name>cl_uint</name>
  </keyword>
  <keyword>
    <link>scalarDataTypes.html</link>
    <name>cl_ulong</name>
  </keyword>
  <keyword>
    <link>clUnloadCompiler.html</link>
    <name>clUnloadCompiler</name>
  </keyword>
  <keyword>
    <link>scalarDataTypes.html</link>
    <name>cl_ushort</name>
  </keyword>
  <keyword>
    <link>clWaitForEvents.html</link>
    <name>clWaitForEvents</name>
  </keyword>
  <keyword>
    <link>reservedDataTypes.html</link>
    <name>complex double</name>
  </keyword>
  <keyword>
    <link>reservedDataTypes.html</link>
    <name>complex float</name>
  </keyword>
  <keyword>
    <link>reservedDataTypes.html</link>
    <name>complex half</name>
  </keyword>
  <keyword>
    <link>reservedDataTypes.html</link>
    <name>complex quad</name>
  </keyword>
  <keyword>
    <link>constant.html</link>
    <name>__constant</name>
  </keyword>
  <keyword>
    <link>convert_T.html</link>
    <name>convert</name>
  </keyword>
  <keyword>
    <link>copysign.html</link>
    <name>copysign</name>
  </keyword>
  <keyword>
    <link>cos.html</link>
    <name>cos</name>
  </keyword>
  <keyword>
    <link>cos.html</link>
    <name>cosh</name>
  </keyword>
  <keyword>
    <link>cos.html</link>
    <name>cospi</name>
  </keyword>
  <keyword>
    <link>d3d10_sharing.html</link>
    <name>d3d10_sharing</name>
  </keyword>
  <keyword>
    <link>EXTENSION.html</link>
    <name>disable</name>
  </keyword>
  <keyword>
    <link>scalarDataTypes.html</link>
    <name>double</name>
  </keyword>
  <keyword>
    <link>preprocessorDirectives.html</link>
    <name> __ENDIAN_LITTLE__</name>
  </keyword>
  <keyword>
    <link>erf.html</link>
    <name>erf</name>
  </keyword>
  <keyword>
    <link>erf.html</link>
    <name>erfc</name>
  </keyword>
  <keyword>
    <link>otherDataTypes.html</link>
    <name>event_t</name>
  </keyword>
  <keyword>
    <link>exp.html</link>
    <name>exp</name>
  </keyword>
  <keyword>
    <link>exp.html</link>
    <name>exp10</name>
  </keyword>
  <keyword>
    <link>exp.html</link>
    <name>exp2</name>
  </keyword>
  <keyword>
    <link>exp.html</link>
    <name>expm1</name>
  </keyword>
  <keyword>
    <link>fabs.html</link>
    <name>fabs</name>
  </keyword>
  <keyword>
    <link>preprocessorDirectives.html</link>
    <name>__FAST_RELAXED_MATH__</name>
  </keyword>
  <keyword>
    <link>fdim.html</link>
    <name>fdim</name>
  </keyword>
  <keyword>
    <link>preprocessorDirectives.html</link>
    <name>__FILE__</name>
  </keyword>
  <keyword>
    <link>sampler_t.html</link>
    <name>filter mode</name>
  </keyword>
  <keyword>
    <link>scalarDataTypes.html</link>
    <name>float</name>
  </keyword>
  <keyword>
    <link>floor.html</link>
    <name>floor</name>
  </keyword>
  <keyword>
    <link>fma.html</link>
    <name>fma</name>
  </keyword>
  <keyword>
    <link>fmax.html</link>
    <name>fmax</name>
  </keyword>
  <keyword>
    <link>fmin.html</link>
    <name>fmin</name>
  </keyword>
  <keyword>
    <link>fmod.html</link>
    <name>fmod</name>
  </keyword>
  <keyword>
    <link>FP_CONTRACT.html</link>
    <name>FP_CONTRACT</name>
  </keyword>
  <keyword>
    <link>FP_CONTRACT.html</link>
    <name>FP_FAST_FMA</name>
  </keyword>
  <keyword>
    <link>FP_CONTRACT.html</link>
    <name>FP_FAST_FMAF</name>
  </keyword>
  <keyword>
    <link>fract.html</link>
    <name>fract</name>
  </keyword>
  <keyword>
    <link>frexp.html</link>
    <name>frexp</name>
  </keyword>
  <keyword>
    <link>gl_event.html</link>
    <name>gl_event</name>
  </keyword>
  <keyword>
    <link>gl_sharing.html</link>
    <name>gl_sharing</name>
  </keyword>
  <keyword>
    <link>global.html</link>
    <name>__global</name>
  </keyword>
  <keyword>
    <link>scalarDataTypes.html</link>
    <name>half</name>
  </keyword>
  <keyword>
    <link>cos.html</link>
    <name>half_cos</name>
  </keyword>
  <keyword>
    <link>divide.html</link>
    <name>half_divide</name>
  </keyword>
  <keyword>
    <link>exp.html</link>
    <name>half_exp</name>
  </keyword>
  <keyword>
    <link>exp.html</link>
    <name>half_exp2</name>
  </keyword>
  <keyword>
    <link>exp.html</link>
    <name>half_exp10</name>
  </keyword>
  <keyword>
    <link>log.html</link>
    <name>half_log</name>
  </keyword>
  <keyword>
    <link>log.html</link>
    <name>half_log10</name>
  </keyword>
  <keyword>
    <link>log.html</link>
    <name>half_log2</name>
  </keyword>
  <keyword>
    <link>pow.html</link>
    <name>half_powr</name>
  </keyword>
  <keyword>
    <link>recip.html</link>
    <name>half_recip</name>
  </keyword>
  <keyword>
    <link>sqrt.html</link>
    <name>half_rsqrt</name>
  </keyword>
  <keyword>
    <link>sin.html</link>
    <name>half_sin</name>
  </keyword>
  <keyword>
    <link>sqrt.html</link>
    <name>half_sqrt</name>
  </keyword>
  <keyword>
    <link>tan.html</link>
    <name>half_tan</name>
  </keyword>
  <keyword>
    <link>mathConstants.html</link>
    <name>Huge_VAL</name>
  </keyword>
  <keyword>
    <link>mathConstants.html</link>
    <name>HUGE_VALF</name>
  </keyword>
  <keyword>
    <link>hypot.html</link>
    <name>hypot</name>
  </keyword>
  <keyword>
    <link>ilogb.html</link>
    <name>ilogb</name>
  </keyword>
  <keyword>
    <link>preprocessorDirectives.html</link>
    <name> __IMAGE_SUPPORT__</name>
  </keyword>
  <keyword>
    <link>otherDataTypes.html</link>
    <name>image2d_t</name>
  </keyword>
  <keyword>
    <link>otherDataTypes.html</link>
    <name>image3d_t</name>
  </keyword>
  <keyword>
    <link>reservedDataTypes.html</link>
    <name>imaginary double</name>
  </keyword>
  <keyword>
    <link>reservedDataTypes.html</link>
    <name>imaginary float</name>
  </keyword>
  <keyword>
    <link>reservedDataTypes.html</link>
    <name>imaginary half</name>
  </keyword>
  <keyword>
    <link>reservedDataTypes.html</link>
    <name>imaginary quad</name>
  </keyword>
  <keyword>
    <link>mathConstants.html</link>
    <name>INFINITY</name>
  </keyword>
  <keyword>
    <link>scalarDataTypes.html</link>
    <name>int</name>
  </keyword>
  <keyword>
    <link>scalarDataTypes.html</link>
    <name>intptr_t</name>
  </keyword>
  <keyword>
    <link>isequal.html</link>
    <name>isequal</name>
  </keyword>
  <keyword>
    <link>isfinite.html</link>
    <name>isfinite</name>
  </keyword>
  <keyword>
    <link>isgreater.html</link>
    <name>isgreater</name>
  </keyword>
  <keyword>
    <link>isgreaterequal.html</link>
    <name>isgreaterequal</name>
  </keyword>
  <keyword>
    <link>isinf.html</link>
    <name>isinf</name>
  </keyword>
  <keyword>
    <link>isless.html</link>
    <name>isless</name>
  </keyword>
  <keyword>
    <link>islessequal.html</link>
    <name>islessequal</name>
  </keyword>
  <keyword>
    <link>islessgreater.html</link>
    <name>islessgreater</name>
  </keyword>
  <keyword>
    <link>isnan.html</link>
    <name>isnan</name>
  </keyword>
  <keyword>
    <link>isnormal.html</link>
    <name>isnormal</name>
  </keyword>
  <keyword>
    <link>isnotequal.html</link>
    <name>isnotequal</name>
  </keyword>
  <keyword>
    <link>isordered.html</link>
    <name>isordered</name>
  </keyword>
  <keyword>
    <link>isunordered.html</link>
    <name>isunordered</name>
  </keyword>
  <keyword>
    <link>functionQualifiers.html</link>
    <name>__kernel</name>
  </keyword>
  <keyword>
    <link>ldexp.html</link>
    <name>ldexp</name>
  </keyword>
  <keyword>
    <link>lgamma.html</link>
    <name>lgamma</name>
  </keyword>
  <keyword>
    <link>lgamma.html</link>
    <name>lgamma_r</name>
  </keyword>
  <keyword>
    <link>preprocessorDirectives.html</link>
    <name> __LINE__ </name>
  </keyword>
  <keyword>
    <link>local.html</link>
    <name>__local</name>
  </keyword>
  <keyword>
    <link>log.html</link>
    <name>log</name>
  </keyword>
  <keyword>
    <link>log.html</link>
    <name>log10</name>
  </keyword>
  <keyword>
    <link>log.html</link>
    <name>log1p</name>
  </keyword>
  <keyword>
    <link>log.html</link>
    <name>log2</name>
  </keyword>
  <keyword>
    <link>log.html</link>
    <name>logb</name>
  </keyword>
  <keyword>
    <link>scalarDataTypes.html</link>
    <name>long</name>
  </keyword>
  <keyword>
    <link>reservedDataTypes.html</link>
    <name>long double</name>
  </keyword>
  <keyword>
    <link>reservedDataTypes.html</link>
    <name>long long</name>
  </keyword>
  <keyword>
    <link>preprocessorDirectives.html</link>
    <name>Macros</name>
  </keyword>
  <keyword>
    <link>macroLimits.html</link>
    <name>FLT_DIG</name>
  </keyword>
  <keyword>
    <link>macroLimits.html</link>
    <name>FLT_MANT_DIG</name>
  </keyword>
  <keyword>
    <link>macroLimits.html</link>
    <name>FLT_MAX_10_EXP</name>
  </keyword>
  <keyword>
    <link>macroLimits.html</link>
    <name>FLT_MAX_EXP</name>
  </keyword>
  <keyword>
    <link>macroLimits.html</link>
    <name>FLT_MIN_10_EXP</name>
  </keyword>
  <keyword>
    <link>macroLimits.html</link>
    <name>FLT_MIN_EXP</name>
  </keyword>
  <keyword>
    <link>macroLimits.html</link>
    <name>FLT_RADIX</name>
  </keyword>
  <keyword>
    <link>macroLimits.html</link>
    <name>FLT_MAX</name>
  </keyword>
  <keyword>
    <link>macroLimits.html</link>
    <name>FLT_MIN</name>
  </keyword>
  <keyword>
    <link>macroLimits.html</link>
    <name>FLT_EPSILON</name>
  </keyword>
  <keyword>
    <link>macroLimits.html</link>
    <name>INT_MAX</name>
  </keyword>
  <keyword>
    <link>macroLimits.html</link>
    <name>INT_MIN</name>
  </keyword>
  <keyword>
    <link>macroLimits.html</link>
    <name>LONG_MAX</name>
  </keyword>
  <keyword>
    <link>macroLimits.html</link>
    <name>LONG_MIN</name>
  </keyword>
  <keyword>
    <link>macroLimits.html</link>
    <name>SCHAR_MAX</name>
  </keyword>
  <keyword>
    <link>macroLimits.html</link>
    <name>SCHAR_MIN</name>
  </keyword>
  <keyword>
    <link>macroLimits.html</link>
    <name>SHRT_MAX</name>
  </keyword>
  <keyword>
    <link>macroLimits.html</link>
    <name>SHRT_MIN</name>
  </keyword>
  <keyword>
    <link>macroLimits.html</link>
    <name>UCHAR_MAX</name>
  </keyword>
  <keyword>
    <link>macroLimits.html</link>
    <name>USHRT_MAX</name>
  </keyword>
  <keyword>
    <link>macroLimits.html</link>
    <name>UINT_MAX</name>
  </keyword>
  <keyword>
    <link>macroLimits.html</link>
    <name>ULONG_MAX</name>
  </keyword>
  <keyword>
    <link>mad.html</link>
    <name>mad</name>
  </keyword>
  <keyword>
    <link>mathConstants.html</link>
    <name>MAXFLOAT</name>
  </keyword>
  <keyword>
    <link>mag.html</link>
    <name>maxmag</name>
  </keyword>
  <keyword>
    <link>mag.html</link>
    <name>minmag</name>
  </keyword>
  <keyword>
    <link>modf.html</link>
    <name>modf</name>
  </keyword>
  <keyword>
    <link>nan.html</link>
    <name>nan</name>
  </keyword>
  <keyword>
    <link>mathConstants.html</link>
    <name>NAN</name>
  </keyword>
  <keyword>
    <link>cos.html</link>
    <name>native_cos</name>
  </keyword>
  <keyword>
    <link>divide.html</link>
    <name>native_divide</name>
  </keyword>
  <keyword>
    <link>exp.html</link>
    <name>native_exp</name>
  </keyword>
  <keyword>
    <link>exp.html</link>
    <name>native_exp2</name>
  </keyword>
  <keyword>
    <link>exp.html</link>
    <name>native_exp10</name>
  </keyword>
  <keyword>
    <link>log.html</link>
    <name>native_log</name>
  </keyword>
  <keyword>
    <link>log.html</link>
    <name>native_log2</name>
  </keyword>
  <keyword>
    <link>log.html</link>
    <name>native_log10</name>
  </keyword>
  <keyword>
    <link>pow.html</link>
    <name>native_powr</name>
  </keyword>
  <keyword>
    <link>recip.html</link>
    <name>native_recip</name>
  </keyword>
  <keyword>
    <link>sqrt.html</link>
    <name>native_rsqrt</name>
  </keyword>
  <keyword>
    <link>sin.html</link>
    <name>native_sin</name>
  </keyword>
  <keyword>
    <link>sqrt.html</link>
    <name>native_sqrt</name>
  </keyword>
  <keyword>
    <link>tan.html</link>
    <name>native_tan</name>
  </keyword>
  <keyword>
    <link>nextafter.html</link>
    <name>nextafter</name>
  </keyword>
  <keyword>
    <link>pow.html</link>
    <name>pow</name>
  </keyword>
  <keyword>
    <link>pow.html</link>
    <name>pown</name>
  </keyword>
  <keyword>
    <link>pow.html</link>
    <name>powr</name>
  </keyword>
  <keyword>
    <link>preprocessorDirectives.html</link>
    <name>#pragma</name>
  </keyword>
  <keyword>
    <link>prefetch.html</link>
    <name>prefetch</name>
  </keyword>
  <keyword>
    <link>private.html</link>
    <name> __private</name>
  </keyword>
  <keyword>
    <link>scalarDataTypes.html</link>
    <name>ptrdiff_t</name>
  </keyword>
  <keyword>
    <link>reservedDataTypes.html</link>
    <name>quad</name>
  </keyword>
  <keyword>
    <link>qualifiers.html</link>
    <name>const</name>
  </keyword>
  <keyword>
    <link>qualifiers.html</link>
    <name>restrict</name>
  </keyword>
  <keyword>
    <link>qualifiers.html</link>
    <name>volatile</name>
  </keyword>
  <keyword>
    <link>imageFunctions.html</link>
    <name>read_image{f|h|i}</name>
  </keyword>
  <keyword>
    <link>accessQualifiers.html</link>
    <name>__read_only</name>
  </keyword>
  <keyword>
    <link>accessQualifiers.html</link>
    <name>__read_write</name>
  </keyword>
  <keyword>
    <link>remainder.html</link>
    <name>remainder</name>
  </keyword>
  <keyword>
    <link>remquo.html</link>
    <name>remquo</name>
  </keyword>
  <keyword>
    <link>functionQualifiers.html</link>
    <name>reqd_work_group_size</name>
  </keyword>
  <keyword>
    <link>rint.html</link>
    <name>rint</name>
  </keyword>
  <keyword>
    <link>rootn.html</link>
    <name>rootn</name>
  </keyword>
  <keyword>
    <link>rotate.html</link>
    <name>rotate</name>
  </keyword>
  <keyword>
    <link>round.html</link>
    <name>round</name>
  </keyword>
  <keyword>
    <link>sqrt.html</link>
    <name>rsqrt</name>
  </keyword>
  <keyword>
    <link>convert_T.html</link>
    <name>_rte</name>
  </keyword>
  <keyword>
    <link>convert_T.html</link>
    <name>_rtn</name>
  </keyword>
  <keyword>
    <link>convert_T.html</link>
    <name>_rtp</name>
  </keyword>
  <keyword>
    <link>convert_T.html</link>
    <name>_rtz</name>
  </keyword>
  <keyword>
    <link>sampler_t.html</link>
    <name>sampler_t</name>
  </keyword>
  <keyword>
    <link>select.html</link>
    <name>select</name>
  </keyword>
  <keyword>
    <link>scalarDataTypes.html</link>
    <name>short</name>
  </keyword>
  <keyword>
    <link>shuffle.html</link>
    <name>shuffle</name>
  </keyword>
  <keyword>
    <link>shuffle.html</link>
    <name>shuffle2</name>
  </keyword>
  <keyword>
    <link>signbit.html</link>
    <name>signbit</name>
  </keyword>
  <keyword>
    <link>sin.html</link>
    <name>sin</name>
  </keyword>
  <keyword>
    <link>sin.html</link>
    <name>sincos</name>
  </keyword>
  <keyword>
    <link>sin.html</link>
    <name>sinh</name>
  </keyword>
  <keyword>
    <link>sin.html</link>
    <name>sinpi</name>
  </keyword>
  <keyword>
    <link>scalarDataTypes.html</link>
    <name>size_t</name>
  </keyword>
  <keyword>
    <link>sqrt.html</link>
    <name>sqrt</name>
  </keyword>
  <keyword>
    <link>cl_image_format.html</link>
    <name>struct _cl_image_format</name>
  </keyword>
  <keyword>
    <link>sub_sat.html</link>
    <name>sub_sat</name>
  </keyword>
  <keyword>
    <link>tan.html</link>
    <name>tan</name>
  </keyword>
  <keyword>
    <link>tan.html</link>
    <name>tanh</name>
  </keyword>
  <keyword>
    <link>tan.html</link>
    <name>tanpi</name>
  </keyword>
  <keyword>
    <link>tgamma.html</link>
    <name>tgamma</name>
  </keyword>
  <keyword>
    <link>trunc.html</link>
    <name>trunc</name>
  </keyword>
  <keyword>
    <link>scalarDataTypes.html</link>
    <name>uchar</name>
  </keyword>
  <keyword>
    <link>scalarDataTypes.html</link>
    <name>uint</name>
  </keyword>
  <keyword>
    <link>scalarDataTypes.html</link>
    <name>uintptr_t</name>
  </keyword>
  <keyword>
    <link>scalarDataTypes.html</link>
    <name>ulong</name>
  </keyword>
  <keyword>
    <link>reservedDataTypes.html</link>
    <name>ulong long</name>
  </keyword>
  <keyword>
    <link>scalarDataTypes.html</link>
    <name>unsigned char</name>
  </keyword>
  <keyword>
    <link>scalarDataTypes.html</link>
    <name>unsigned int</name>
  </keyword>
  <keyword>
    <link>scalarDataTypes.html</link>
    <name>unsigned long</name>
  </keyword>
  <keyword>
    <link>reservedDataTypes.html</link>
    <name>unsigned long long</name>
  </keyword>
  <keyword>
    <link>scalarDataTypes.html</link>
    <name>unsigned short</name>
  </keyword>
  <keyword>
    <link>scalarDataTypes.html</link>
    <name>ushort</name>
  </keyword>
  <keyword>
    <link>vec_step.html</link>
    <name>vec_step</name>
  </keyword>
  <keyword>
    <link>functionQualifiers.html</link>
    <name>vec_type_hint</name>
  </keyword>
  <keyword>
    <link>vload_half.html</link>
    <name>vload_half</name>
  </keyword>
  <keyword>
    <link>scalarDataTypes.html</link>
    <name>void</name>
  </keyword>
  <keyword>
    <link>vstore_half.html</link>
    <name>vstore_half</name>
  </keyword>
  <keyword>
    <link>functionQualifiers.html</link>
    <name>work_group_size_hint</name>
  </keyword>
  <keyword>
    <link>imageFunctions.html</link>
    <name>write_imagef</name>
  </keyword>
  <keyword>
    <link>imageFunctions.html</link>
    <name>write_imagei</name>
  </keyword>
  <keyword>
    <link>imageFunctions.html</link>
    <name>write_imageui</name>
  </keyword>
  <keyword>
    <link>accessQualifiers.html</link>
    <name>__write_only</name>
  </keyword>
  <keyword>
    <link>cl_khr_3d_image_writes.html</link>
    <name>cl_khr_3d_image_writes</name>
  </keyword>
   <keyword>
    <link>enums.html</link>
    <name>cl_addressing_mode</name>
  </keyword>
   <keyword>
    <link>enums.html</link>
    <name>cl_bool</name>
  </keyword> 
   <keyword>
    <link>enums.html</link>
    <name>cl_buffer_create_type</name>
  </keyword> 
   <keyword>
    <link>enums.html</link>
    <name>cl_build_status</name>
  </keyword> 
   <keyword>
    <link>enums.html</link>
    <name>cl_channel_order</name>
  </keyword> 
   <keyword>
    <link>enums.html</link>
    <name>cl_channel_type</name>
  </keyword> 
   <keyword>
    <link>enums.html</link>
    <name>cl_command_queue_info</name>
  </keyword> 
   <keyword>
    <link>enums.html</link>
    <name>cl_command_queue_properties</name>
  </keyword> 
   <keyword>
    <link>enums.html</link>
    <name>cl_command_type</name>
  </keyword> 
   <keyword>
    <link>enums.html</link>
    <name>cl_context_info</name>
  </keyword> 
   <keyword>
    <link>enums.html</link>
    <name>cl_context_properties</name>
  </keyword> 
   <keyword>
    <link>enums.html</link>
    <name>cl_d3d10_device_set_khr</name>
  </keyword> 
   <keyword>
    <link>enums.html</link>
    <name>cl_d3d10_device_source_khr</name>
  </keyword> 
   <keyword>
    <link>enums.html</link>
    <name>cl_device_exec_capabilities</name>
  </keyword> 
   <keyword>
    <link>enums.html</link>
    <name>cl_device_fp_config</name>
  </keyword> 
   <keyword>
    <link>enums.html</link>
    <name>cl_device_info</name>
  </keyword> 
   <keyword>
    <link>enums.html</link>
    <name>cl_device_local_mem_type</name>
  </keyword> 
   <keyword>
    <link>enums.html</link>
    <name>cl_device_mem_cache_type</name>
  </keyword> 
   <keyword>
    <link>enums.html</link>
    <name>cl_device_type</name>
  </keyword> 
   <keyword>
    <link>enums.html</link>
    <name>cl_event_info</name>
  </keyword> 
   <keyword>
    <link>enums.html</link>
    <name>cl_filter_mode</name>
  </keyword> 
   <keyword>
    <link>enums.html</link>
    <name>cl_gl_object_type</name>
  </keyword> 
   <keyword>
    <link>enums.html</link>
    <name>cl_gl_texture_info</name>
  </keyword> 
   <keyword>
    <link>enums.html</link>
    <name>cl_image_info</name>
  </keyword> 
   <keyword>
    <link>enums.html</link>
    <name>cl_kernel_info</name>
  </keyword> 
   <keyword>
    <link>enums.html</link>
    <name>cl_kernel_work_group_info</name>
  </keyword> 
   <keyword>
    <link>enums.html</link>
    <name>cl_map_flags</name>
  </keyword> 
   <keyword>
    <link>enums.html</link>
    <name>cl_mem_fence_flags</name>
  </keyword> 
   <keyword>
    <link>enums.html</link>
    <name>cl_mem_flags</name>
  </keyword> 
   <keyword>
    <link>enums.html</link>
    <name>cl_mem_info</name>
  </keyword> 
   <keyword>
    <link>enums.html</link>
    <name>cl_mem_object_type</name>
  </keyword> 
   <keyword>
    <link>enums.html</link>
    <name>cl_platform_info</name>
  </keyword> 
   <keyword>
    <link>enums.html</link>
    <name>cl_profiling_info</name>
  </keyword> 
   <keyword>
    <link>enums.html</link>
    <name>cl_program_build_info</name>
  </keyword> 
   <keyword>
    <link>enums.html</link>
    <name>cl_sampler_info</name>
  </keyword> 
   <keyword>
    <link>enums.html</link>
    <name>CL_ADDRESS_NONE</name>
  </keyword> 
   <keyword>
    <link>enums.html</link>
    <name>CL_ADDRESS_CLAMP_TO_EDGE</name>
  </keyword> 
   <keyword>
    <link>enums.html</link>
    <name>CL_ADDRESS_CLAMP</name>
  </keyword> 
   <keyword>
    <link>enums.html</link>
    <name>CL_ADDRESS_REPEAT</name>
  </keyword> 
   <keyword>
    <link>enums.html</link>
    <name>CL_FALSE</name>
  </keyword> 
   <keyword>
    <link>enums.html</link>
    <name>CL_TRUE</name>
  </keyword> 
   <keyword>
    <link>enums.html</link>
    <name>CL_BUILD_ERROR</name>
  </keyword> 
   <keyword>
    <link>enums.html</link>
    <name>CL_BUILD_IN_PROGRESS</name>
  </keyword> 
   <keyword>
    <link>enums.html</link>
    <name>CL_BUILD_NONE</name>
  </keyword> 
   <keyword>
    <link>enums.html</link>
    <name>CL_BUILD_SUCCESS</name>
  </keyword> 
   <keyword>
    <link>enums.html</link>
    <name>CL_A</name>
  </keyword> 
   <keyword>
    <link>enums.html</link>
    <name>CL_R</name>
  </keyword> 
   <keyword>
    <link>enums.html</link>
    <name>CL_RG</name>
  </keyword> 
   <keyword>
    <link>enums.html</link>
    <name>CL_RA</name>
  </keyword> 
   <keyword>
    <link>enums.html</link>
    <name>CL_RGB</name>
  </keyword> 
   <keyword>
    <link>enums.html</link>
    <name>CL_RGBA</name>
  </keyword> 
   <keyword>
    <link>enums.html</link>
    <name>CL_BGRA</name>
  </keyword> 
   <keyword>
    <link>enums.html</link>
    <name>CL_ARGB</name>
  </keyword> 
   <keyword>
    <link>enums.html</link>
    <name>CL_INTENSITY</name>
  </keyword> 
   <keyword>
    <link>enums.html</link>
    <name>CL_LUMINANCE</name>
  </keyword> 
   <keyword>
    <link>enums.html</link>
    <name>CL_FLOAT</name>
  </keyword> 
   <keyword>
    <link>enums.html</link>
    <name>CL_HALF_FLOAT</name>
  </keyword> 
   <keyword>
    <link>enums.html</link>
    <name>CL_SIGNED_INT16</name>
  </keyword> 
   <keyword>
    <link>enums.html</link>
    <name>CL_SIGNED_INT32</name>
  </keyword> 
   <keyword>
    <link>enums.html</link>
    <name>CL_SIGNED_INT8</name>
  </keyword> 
   <keyword>
    <link>enums.html</link>
    <name>CL_SNORM_INT8</name>
  </keyword> 
   <keyword>
    <link>enums.html</link>
    <name>CL_SNORM_INT16</name>
  </keyword> 
   <keyword>
    <link>enums.html</link>
    <name>CL_UNORM_INT_101010</name>
  </keyword> 
   <keyword>
    <link>enums.html</link>
    <name>CL_UNORM_INT16</name>
  </keyword> 
   <keyword>
    <link>enums.html</link>
    <name>CL_UNORM_INT8</name>
  </keyword> 
   <keyword>
    <link>enums.html</link>
    <name>CL_UNORM_SHORT_555</name>
  </keyword> 
   <keyword>
    <link>enums.html</link>
    <name>CL_UNORM_SHORT_565</name>
  </keyword> 
   <keyword>
    <link>enums.html</link>
    <name>CL_UNSIGNED_INT16</name>
  </keyword> 
   <keyword>
    <link>enums.html</link>
    <name>CL_UNSIGNED_INT32</name>
  </keyword> 
   <keyword>
    <link>enums.html</link>
    <name>CL_UNSIGNED_INT8</name>
  </keyword> 
   <keyword>
    <link>enums.html</link>
    <name>CL_QUEUE_CONTEXT</name>
  </keyword> 
   <keyword>
    <link>enums.html</link>
    <name>CL_QUEUE_DEVICE</name>
  </keyword> 
   <keyword>
    <link>enums.html</link>
    <name>CL_QUEUE_PROPERTIES</name>
  </keyword> 
   <keyword>
    <link>enums.html</link>
    <name>CL_QUEUE_REFERENCE_COUNT</name>
  </keyword> 
   <keyword>
    <link>enums.html</link>
    <name>CL_QUEUE_OUT_OF_ORDER_EXEC_MODE_ENABLE</name>
  </keyword> 
   <keyword>
    <link>enums.html</link>
    <name>CL_QUEUE_PROFILING_ENABLE</name>
  </keyword> 
   <keyword>
    <link>enums.html</link>
    <name>CL_COMMAND_ACQUIRE_GL_OBJECTS</name>
  </keyword> 
   <keyword>
    <link>enums.html</link>
    <name>CL_COMMAND_COPY_BUFFER</name>
  </keyword> 
   <keyword>
    <link>enums.html</link>
    <name>CL_COMMAND_COPY_BUFFER_TO_IMAGE</name>
  </keyword> 
   <keyword>
    <link>enums.html</link>
    <name>CL_COMMAND_COPY_IMAGE</name>
  </keyword> 
   <keyword>
    <link>enums.html</link>
    <name>CL_COMMAND_COPY_IMAGE_TO_BUFFER</name>
  </keyword> 
   <keyword>
    <link>enums.html</link>
    <name>CL_COMMAND_MAP_BUFFER</name>
  </keyword> 
   <keyword>
    <link>enums.html</link>
    <name>CL_COMMAND_MAP_IMAGE</name>
  </keyword> 
   <keyword>
    <link>enums.html</link>
    <name>CL_COMMAND_MARKER</name>
  </keyword> 
   <keyword>
    <link>enums.html</link>
    <name>CL_COMMAND_NATIVE_KERNEL</name>
  </keyword> 
   <keyword>
    <link>enums.html</link>
    <name>CL_COMMAND_NDRANGE_KERNEL</name>
  </keyword> 
   <keyword>
    <link>enums.html</link>
    <name>CL_COMMAND_READ_BUFFER</name>
  </keyword> 
   <keyword>
    <link>enums.html</link>
    <name>CL_COMMAND_READ_IMAGE</name>
  </keyword> 
   <keyword>
    <link>enums.html</link>
    <name>CL_COMMAND_RELEASE_GL_OBJECTS</name>
  </keyword> 
   <keyword>
    <link>enums.html</link>
    <name>CL_COMMAND_TASK</name>
  </keyword> 
   <keyword>
    <link>enums.html</link>
    <name>CL_COMMAND_UNMAP_MEM_OBJECT</name>
  </keyword> 
   <keyword>
    <link>enums.html</link>
    <name>CL_COMMAND_WRITE_BUFFER</name>
  </keyword> 
   <keyword>
    <link>enums.html</link>
    <name>CL_COMMAND_WRITE_IMAGE</name>
  </keyword> 
   <keyword>
    <link>enums.html</link>
    <name>CL_CONTEXT_DEVICES</name>
  </keyword> 
   <keyword>
    <link>enums.html</link>
    <name>CL_CONTEXT_PROPERTIES</name>
  </keyword> 
   <keyword>
    <link>enums.html</link>
    <name>CL_CONTEXT_REFERENCE_COUNT</name>
  </keyword> 
   <keyword>
    <link>enums.html</link>
    <name>CL_CONTEXT_PLATFORM</name>
  </keyword> 
   <keyword>
    <link>enums.html</link>
    <name>CL_EXEC_KERNEL</name>
  </keyword> 
   <keyword>
    <link>enums.html</link>
    <name>CL_EXEC_NATIVE_KERNEL</name>
  </keyword> 
   <keyword>
    <link>enums.html</link>
    <name>CL_FP_DENORM</name>
  </keyword> 
   <keyword>
    <link>enums.html</link>
    <name>CL_FP_FMA</name>
  </keyword> 
   <keyword>
    <link>enums.html</link>
    <name>CL_FP_INF_NAN</name>
  </keyword> 
   <keyword>
    <link>enums.html</link>
    <name>CL_FP_ROUND_TO_INF</name>
  </keyword> 
   <keyword>
    <link>enums.html</link>
    <name>CL_FP_ROUND_TO_NEAREST</name>
  </keyword> 
   <keyword>
    <link>enums.html</link>
    <name>CL_FP_ROUND_TO_ZERO</name>
  </keyword> 
   <keyword>
    <link>enums.html</link>
    <name>CL_DEVICE_ADDRESS_BITS</name>
  </keyword> 
   <keyword>
    <link>enums.html</link>
    <name>CL_DEVICE_AVAILABLE</name>
  </keyword> 
   <keyword>
    <link>enums.html</link>
    <name>CL_DEVICE_COMPILER_AVAILABLE</name>
  </keyword> 
   <keyword>
    <link>enums.html</link>
    <name>CL_DEVICE_ENDIAN_LITTLE</name>
  </keyword> 
   <keyword>
    <link>enums.html</link>
    <name>CL_DEVICE_ERROR_CORRECTION_SUPPORT</name>
  </keyword> 
   <keyword>
    <link>enums.html</link>
    <name>CL_DEVICE_EXECUTION_CAPABILITIES</name>
  </keyword> 
   <keyword>
    <link>enums.html</link>
    <name>CL_DEVICE_EXTENSIONS</name>
  </keyword> 
   <keyword>
    <link>enums.html</link>
    <name>CL_DEVICE_GLOBAL_MEM_CACHE_SIZE</name>
  </keyword> 
   <keyword>
    <link>enums.html</link>
    <name>CL_DEVICE_GLOBAL_MEM_CACHE_TYPE</name>
  </keyword> 
   <keyword>
    <link>enums.html</link>
    <name>CL_DEVICE_GLOBAL_MEM_CACHELINE_SIZE</name>
  </keyword> 
   <keyword>
    <link>enums.html</link>
    <name>CL_DEVICE_GLOBAL_MEM_SIZE</name>
  </keyword> 
   <keyword>
    <link>enums.html</link>
    <name>CL_DEVICE_IMAGE_SUPPORT</name>
  </keyword> 
   <keyword>
    <link>enums.html</link>
    <name>CL_DEVICE_IMAGE2D_MAX_HEIGHT</name>
  </keyword> 
   <keyword>
    <link>enums.html</link>
    <name>CL_DEVICE_IMAGE2D_MAX_WIDTH</name>
  </keyword> 
   <keyword>
    <link>enums.html</link>
    <name>CL_DEVICE_IMAGE3D_MAX_DEPTH</name>
  </keyword> 
   <keyword>
    <link>enums.html</link>
    <name>CL_DEVICE_IMAGE3D_MAX_HEIGHT</name>
  </keyword> 
   <keyword>
    <link>enums.html</link>
    <name>CL_DEVICE_IMAGE3D_MAX_WIDTH</name>
  </keyword> 
   <keyword>
    <link>enums.html</link>
    <name>CL_DEVICE_LOCAL_MEM_SIZE</name>
  </keyword> 
   <keyword>
    <link>enums.html</link>
    <name>CL_DEVICE_LOCAL_MEM_TYPE</name>
  </keyword> 
   <keyword>
    <link>enums.html</link>
    <name>CL_DEVICE_MAX_CLOCK_FREQUENCY</name>
  </keyword> 
   <keyword>
    <link>enums.html</link>
    <name>CL_DEVICE_MAX_COMPUTE_UNITS</name>
  </keyword> 
   <keyword>
    <link>enums.html</link>
    <name>CL_DEVICE_MAX_CONSTANT_ARGS</name>
  </keyword> 
   <keyword>
    <link>enums.html</link>
    <name>CL_DEVICE_MAX_CONSTANT_BUFFER_SIZE</name>
  </keyword> 
   <keyword>
    <link>enums.html</link>
    <name>CL_DEVICE_MAX_MEM_ALLOC_SIZE</name>
  </keyword> 
   <keyword>
    <link>enums.html</link>
    <name>CL_DEVICE_MAX_PARAMETER_SIZE</name>
  </keyword> 
   <keyword>
    <link>enums.html</link>
    <name>CL_DEVICE_MAX_READ_IMAGE_ARGS</name>
  </keyword> 
   <keyword>
    <link>enums.html</link>
    <name>CL_DEVICE_MAX_SAMPLERS</name>
  </keyword> 
   <keyword>
    <link>enums.html</link>
    <name>CL_DEVICE_MAX_WORK_GROUP_SIZE</name>
  </keyword> 
   <keyword>
    <link>enums.html</link>
    <name>CL_DEVICE_MAX_WORK_ITEM_DIMENSIONS</name>
  </keyword> 
   <keyword>
    <link>enums.html</link>
    <name>CL_DEVICE_MAX_WORK_ITEM_SIZES</name>
  </keyword> 
   <keyword>
    <link>enums.html</link>
    <name>CL_DEVICE_MAX_WRITE_IMAGE_ARGS</name>
  </keyword> 
   <keyword>
    <link>enums.html</link>
    <name>CL_DEVICE_MEM_BASE_ADDR_ALIGN</name>
  </keyword> 
   <keyword>
    <link>enums.html</link>
    <name>CL_DEVICE_MIN_DATA_TYPE_ALIGN_SIZE</name>
  </keyword> 
   <keyword>
    <link>enums.html</link>
    <name>CL_DEVICE_NAME</name>
  </keyword> 
   <keyword>
    <link>enums.html</link>
    <name>CL_DEVICE_PLATFORM</name>
  </keyword> 
   <keyword>
    <link>enums.html</link>
    <name>CL_DEVICE_PREFERRED_VECTOR_WIDTH_CHAR</name>
  </keyword> 
   <keyword>
    <link>enums.html</link>
    <name>CL_DEVICE_PREFERRED_VECTOR_WIDTH_DOUBLE</name>
  </keyword> 
   <keyword>
    <link>enums.html</link>
    <name>CL_DEVICE_PREFERRED_VECTOR_WIDTH_FLOAT</name>
  </keyword> 
   <keyword>
    <link>enums.html</link>
    <name>CL_DEVICE_PREFERRED_VECTOR_WIDTH_INT</name>
  </keyword> 
   <keyword>
    <link>enums.html</link>
    <name>CL_DEVICE_PREFERRED_VECTOR_WIDTH_LONG</name>
  </keyword> 
   <keyword>
    <link>enums.html</link>
    <name>CL_DEVICE_PREFERRED_VECTOR_WIDTH_SHORT</name>
  </keyword> 
   <keyword>
    <link>enums.html</link>
    <name>CL_DEVICE_PROFILE</name>
  </keyword> 
   <keyword>
    <link>enums.html</link>
    <name>CL_DEVICE_PROFILING_TIMER_RESOLUTION</name>
  </keyword> 
   <keyword>
    <link>enums.html</link>
    <name>CL_DEVICE_QUEUE_PROPERTIES</name>
  </keyword> 
   <keyword>
    <link>enums.html</link>
    <name>CL_DEVICE_SINGLE_FP_CONFIG</name>
  </keyword> 
   <keyword>
    <link>enums.html</link>
    <name>CL_DEVICE_TYPE</name>
  </keyword> 
   <keyword>
    <link>enums.html</link>
    <name>CL_DEVICE_VENDOR_ID</name>
  </keyword> 
   <keyword>
    <link>enums.html</link>
    <name>CL_DEVICE_VENDOR</name>
  </keyword> 
   <keyword>
    <link>enums.html</link>
    <name>CL_DEVICE_VERSION</name>
  </keyword> 
   <keyword>
    <link>enums.html</link>
    <name>CL_DRIVER_VERSION</name>
  </keyword> 
   <keyword>
    <link>enums.html</link>
    <name>CL_GLOBAL</name>
  </keyword> 
   <keyword>
    <link>enums.html</link>
    <name>CL_LOCAL</name>
  </keyword> 
   <keyword>
    <link>enums.html</link>
    <name>CL_NONE</name>
  </keyword> 
   <keyword>
    <link>enums.html</link>
    <name>CL_READ_ONLY_CACHE</name>
  </keyword> 
   <keyword>
    <link>enums.html</link>
    <name>CL_READ_WRITE_CACHE</name>
  </keyword> 
   <keyword>
    <link>enums.html</link>
    <name>CL_DEVICE_TYPE_DEFAULT</name>
  </keyword> 
   <keyword>
    <link>enums.html</link>
    <name>CL_DEVICE_TYPE_CPU</name>
  </keyword> 
   <keyword>
    <link>enums.html</link>
    <name>CL_DEVICE_TYPE_GPU</name>
  </keyword> 
   <keyword>
    <link>enums.html</link>
    <name>CL_DEVICE_TYPE_ACCELERATOR</name>
  </keyword> 
   <keyword>
    <link>enums.html</link>
    <name>CL_DEVICE_TYPE_ALL</name>
  </keyword> 
   <keyword>
    <link>enums.html</link>
    <name>CL_EVENT_COMMAND_QUEUE</name>
  </keyword> 
   <keyword>
    <link>enums.html</link>
    <name>CL_EVENT_COMMAND_TYPE</name>
  </keyword> 
   <keyword>
    <link>enums.html</link>
    <name>CL_EVENT_REFERENCE_COUNT</name>
  </keyword> 
   <keyword>
    <link>enums.html</link>
    <name>CL_EVENT_COMMAND_EXECUTION_STATUS</name>
  </keyword> 
   <keyword>
    <link>enums.html</link>
    <name>CL_FILTER_NEAREST</name>
  </keyword> 
   <keyword>
    <link>enums.html</link>
    <name>CL_FILTER_LINEAR</name>
  </keyword> 
   <keyword>
    <link>enums.html</link>
    <name>CL_GL_OBJECT_BUFFER</name>
  </keyword> 
   <keyword>
    <link>enums.html</link>
    <name>CL_GL_OBJECT_TEXTURE2D</name>
  </keyword> 
   <keyword>
    <link>enums.html</link>
    <name>CL_GL_OBJECT_TEXTURE3D</name>
  </keyword> 
   <keyword>
    <link>enums.html</link>
    <name>CL_GL_OBJECT_RENDERBUFFER</name>
  </keyword> 
   <keyword>
    <link>enums.html</link>
    <name>CL_GL_TEXTURE_TARGET</name>
  </keyword> 
   <keyword>
    <link>enums.html</link>
    <name>CL_GL_MIPMAP_LEVEL</name>
  </keyword> 
   <keyword>
    <link>enums.html</link>
    <name>CL_IMAGE_FORMAT</name>
  </keyword> 
   <keyword>
    <link>enums.html</link>
    <name>CL_IMAGE_ELEMENT_SIZE</name>
  </keyword> 
   <keyword>
    <link>enums.html</link>
    <name>CL_IMAGE_ROW_PITCH</name>
  </keyword> 
   <keyword>
    <link>enums.html</link>
    <name>CL_IMAGE_SLICE_PITCH</name>
  </keyword> 
   <keyword>
    <link>enums.html</link>
    <name>CL_IMAGE_WIDTH</name>
  </keyword> 
   <keyword>
    <link>enums.html</link>
    <name>CL_IMAGE_HEIGHT</name>
  </keyword> 
   <keyword>
    <link>enums.html</link>
    <name>CL_IMAGE_DEPTH</name>
  </keyword> 
   <keyword>
    <link>enums.html</link>
    <name>CL_KERNEL_FUNCTION_NAME</name>
  </keyword> 
   <keyword>
    <link>enums.html</link>
    <name>CL_KERNEL_NUM_ARGS</name>
  </keyword> 
   <keyword>
    <link>enums.html</link>
    <name>CL_KERNEL_REFERENCE_COUNT</name>
  </keyword> 
   <keyword>
    <link>enums.html</link>
    <name>CL_KERNEL_CONTEXT</name>
  </keyword> 
   <keyword>
    <link>enums.html</link>
    <name>CL_KERNEL_PROGRAM</name>
  </keyword> 
   <keyword>
    <link>enums.html</link>
    <name>CL_KERNEL_WORK_GROUP_SIZE</name>
  </keyword> 
   <keyword>
    <link>enums.html</link>
    <name>CL_KERNEL_COMPILE_WORK_GROUP_SIZE</name>
  </keyword> 
   <keyword>
    <link>enums.html</link>
    <name>CL_KERNEL_LOCAL_MEM_SIZE</name>
  </keyword> 
   <keyword>
    <link>enums.html</link>
    <name>CL_MAP_READ</name>
  </keyword> 
   <keyword>
    <link>enums.html</link>
    <name>CL_MAP_WRITE</name>
  </keyword> 
   <keyword>
    <link>enums.html</link>
    <name>CL_MEM_READ_WRITE</name>
  </keyword> 
   <keyword>
    <link>enums.html</link>
    <name>CL_MEM_WRITE_ONLY</name>
  </keyword> 
   <keyword>
    <link>enums.html</link>
    <name>CL_MEM_READ_ONLY</name>
  </keyword> 
   <keyword>
    <link>enums.html</link>
    <name>CL_MEM_USE_HOST_PTR</name>
  </keyword> 
   <keyword>
    <link>enums.html</link>
    <name>CL_MEM_ALLOC_HOST_PTR</name>
  </keyword> 
   <keyword>
    <link>enums.html</link>
    <name>CL_MEM_COPY_HOST_PTR</name>
  </keyword> 
   <keyword>
    <link>enums.html</link>
    <name>CL_MEM_TYPE</name>
  </keyword> 
   <keyword>
    <link>enums.html</link>
    <name>CL_MEM_FLAGS</name>
  </keyword> 
   <keyword>
    <link>enums.html</link>
    <name>CL_MEM_SIZE</name>
  </keyword> 
   <keyword>
    <link>enums.html</link>
    <name>CL_MEM_HOST_PTR</name>
  </keyword> 
   <keyword>
    <link>enums.html</link>
    <name>CL_MEM_MAP_COUNT</name>
  </keyword> 
   <keyword>
    <link>enums.html</link>
    <name>CL_MEM_REFERENCE_COUNT</name>
  </keyword> 
   <keyword>
    <link>enums.html</link>
    <name>CL_MEM_CONTEXT</name>
  </keyword> 
   <keyword>
    <link>enums.html</link>
    <name>CL_MEM_OBJECT_BUFFER</name>
  </keyword> 
   <keyword>
    <link>enums.html</link>
    <name>CL_MEM_OBJECT_IMAGE2D</name>
  </keyword> 
   <keyword>
    <link>enums.html</link>
    <name>CL_MEM_OBJECT_IMAGE3D</name>
  </keyword> 
   <keyword>
    <link>enums.html</link>
    <name>CL_PLATFORM_PROFILE</name>
  </keyword> 
   <keyword>
    <link>enums.html</link>
    <name>CL_PLATFORM_VERSION</name>
  </keyword> 
   <keyword>
    <link>enums.html</link>
    <name>CL_PLATFORM_NAME</name>
  </keyword> 
   <keyword>
    <link>enums.html</link>
    <name>CL_PLATFORM_VENDOR</name>
  </keyword> 
   <keyword>
    <link>enums.html</link>
    <name>CL_PLATFORM_EXTENSIONS</name>
  </keyword> 
   <keyword>
    <link>enums.html</link>
    <name>CL_PROFILING_COMMAND_QUEUED</name>
  </keyword> 
   <keyword>
    <link>enums.html</link>
    <name>CL_PROFILING_COMMAND_SUBMIT</name>
  </keyword> 
   <keyword>
    <link>enums.html</link>
    <name>CL_PROFILING_COMMAND_START</name>
  </keyword> 
   <keyword>
    <link>enums.html</link>
    <name>CL_PROFILING_COMMAND_END</name>
  </keyword> 
   <keyword>
    <link>enums.html</link>
    <name>CL_PROGRAM_BUILD_STATUS</name>
  </keyword> 
   <keyword>
    <link>enums.html</link>
    <name>CL_PROGRAM_BUILD_OPTIONS</name>
  </keyword> 
   <keyword>
    <link>enums.html</link>
    <name>CL_PROGRAM_BUILD_LOG</name>
  </keyword> 
   <keyword>
    <link>enums.html</link>
    <name>CL_SAMPLER_REFERENCE_COUNT</name>
  </keyword> 
   <keyword>
    <link>enums.html</link>
    <name>CL_SAMPLER_CONTEXT</name>
  </keyword> 
   <keyword>
    <link>enums.html</link>
    <name>CL_SAMPLER_NORMALIZED_COORDS</name>
  </keyword> 
   <keyword>
    <link>enums.html</link>
    <name>CL_SAMPLER_ADDRESSING_MODE</name>
  </keyword> 
   <keyword>
    <link>enums.html</link>
    <name>CL_SAMPLER_FILTER_MODE</name>
  </keyword> 
  <keyword>
    <link>mathConstants.html</link>
    <name>M_E_F</name>
  </keyword>
  <keyword>
    <link>mathConstants.html</link>
    <name>M_LOG2E_F</name>
  </keyword>
  <keyword>
    <link>mathConstants.html</link>
    <name>M_LOG10E_F</name>
  </keyword>
  <keyword>
    <link>mathConstants.html</link>
    <name>M_LN2_F</name>
  </keyword>
  <keyword>
    <link>mathConstants.html</link>
    <name>M_LN10_F</name>
  </keyword>
  <keyword>
    <link>mathConstants.html</link>
    <name>M_PI_F</name>
  </keyword>
  <keyword>
    <link>mathConstants.html</link>
    <name>M_PI_2_F</name>
  </keyword>
  <keyword>
    <link>mathConstants.html</link>
    <name>M_PI_4_F</name>
  </keyword>
  <keyword>
    <link>mathConstants.html</link>
    <name>M_1_PI_F</name>
  </keyword>
  <keyword>
    <link>mathConstants.html</link>
    <name>M_2_PI_F</name>
  </keyword>
  <keyword>
    <link>mathConstants.html</link>
    <name>M_2_SQRTPI_F</name>
  </keyword>
  <keyword>
    <link>mathConstants.html</link>
    <name>M_SQRT2_F</name>
  </keyword>
  <keyword>
    <link>mathConstants.html</link>
    <name>M_SQRT1_2_F</name>
  </keyword>
  <keyword>
    <link>mathConstants.html</link>
    <name>M_E</name>
  </keyword>
  <keyword>
    <link>mathConstants.html</link>
    <name>M_LOG2E</name>
  </keyword>
  <keyword>
    <link>mathConstants.html</link>
    <name>M_LOG10E</name>
  </keyword>
  <keyword>
    <link>mathConstants.html</link>
    <name>M_LN2</name>
  </keyword>
  <keyword>
    <link>mathConstants.html</link>
    <name>M_LN10</name>
  </keyword>
  <keyword>
    <link>mathConstants.html</link>
    <name>M_PI</name>
  </keyword>
  <keyword>
    <link>mathConstants.html</link>
    <name>M_PI_2</name>
  </keyword>
  <keyword>
    <link>mathConstants.html</link>
    <name>M_PI_4</name>
  </keyword>
  <keyword>
    <link>mathConstants.html</link>
    <name>M_1_PI</name>
  </keyword>
  <keyword>
    <link>mathConstants.html</link>
    <name>M_2_PI</name>
  </keyword>
  <keyword>
    <link>mathConstants.html</link>
    <name>M_2_SQRTPI</name>
  </keyword>
  <keyword>
    <link>mathConstants.html</link>
    <name>M_SQRT2</name>
  </keyword>
  <keyword>
    <link>mathConstants.html</link>
    <name>M_SQRT1_2</name>
  </keyword>
  <keyword>
    <link>clCreateSampler.html</link>
    <name>CL_INVALID_CONTEXT</name>
  </keyword>
  <keyword>
    <link>clCreateSampler.html</link>
    <name>CL_INVALID_VALUE</name>
  </keyword>
  <keyword>
    <link>clCreateSampler.html</link>
    <name>CL_INVALID_OPERATION</name>
  </keyword>
  <keyword>
    <link>clCreateSampler.html</link>
    <name>CL_DEVICE_IMAGE_SUPPORT</name>
  </keyword>
  <keyword>
    <link>clCreateSampler.html</link>
    <name>CL_OUT_OF_RESOURCES</name>
  </keyword>
  <keyword>
    <link>clCreateSampler.html</link>
    <name>CL_OUT_OF_HOST_MEMORY</name>
  </keyword>



</keywords>
