<?xml version="1.0" encoding="UTF-8" standalone="no"?><keywords><keyword><name>Num Groups</name><option>--num_groups=(X,Y,Z)</option><actualOption>--num_groups=(1024,1,1)</actualOption><argType>Integer</argType><argNum>3</argNum><type>OPENCL</type><multiple>false</multiple><description>Specify whether grid of work-groups is 1D, 2D or 3D and specify size for each dimension</description></keyword><keyword><name>Local size</name><option>--local_size=(X,Y,Z)</option><actualOption>--local_size=(1024,1,1)</actualOption><argType>Integer</argType><argNum>3</argNum><type>OPENCL</type><multiple>false</multiple><description>Specify whether work-group is 1D, 2D or 3D and specify size for each dimension</description></keyword></keywords>